<?xml version="1.0" encoding="UTF-8"?>
<!DOCTYPE mapper PUBLIC "-//mybatis.org//DTD Mapper 3.0//EN" "http://mybatis.org/dtd/mybatis-3-mapper.dtd">
<mapper namespace="com.chinaweal.sdcs.crcs.system.mapper.RightsProcessingLogMapper">

    <!-- 通用查询映射结果 -->
    <resultMap id="BaseResultMap" type="com.chinaweal.sdcs.crcs.system.entity.RightsProcessingLog">
        <id column="id" property="id" />
        <result column="rights_id" property="rightsId" />
        <result column="processing" property="processing" />
        <result column="creator" property="creator" />
        <result column="create_time" property="createTime" />
    </resultMap>

    <!-- 通用查询结果列 -->
    <sql id="Base_Column_List">
        id, rights_id, processing, creator, create_time
    </sql>

</mapper>
