<?xml version="1.0" encoding="UTF-8"?>
<!DOCTYPE mapper PUBLIC "-//mybatis.org//DTD Mapper 3.0//EN" "http://mybatis.org/dtd/mybatis-3-mapper.dtd">
<mapper namespace="com.chinaweal.sdcs.crcs.system.mapper.RightsMapper">

    <resultMap id="BaseResultMap" type="com.chinaweal.sdcs.crcs.system.entity.Rights">
        <id column="id" property="id" jdbcType="VARCHAR"/>
        <result column="enterprise" property="enterprise" jdbcType="VARCHAR"/>
        <result column="type" property="type" jdbcType="VARCHAR"/>
        <result column="address" property="address" jdbcType="VARCHAR"/>
        <result column="representative" property="representative" jdbcType="VARCHAR"/>
        <result column="phone" property="phone" jdbcType="VARCHAR"/>
        <result column="region" property="region" jdbcType="VARCHAR"/>
    </resultMap>

    <sql id="Base_Column_List">
        id, enterprise, type, address,
        representative, phone, region
    </sql>


    <select id="selectEnterpriseByRegion" parameterType="java.util.List" resultType="String">
        select  enterprise  from  rights
        <where>
            <if test="map != null">
                <if test="map.region != null and map.region !=''">
                     region = #{ map.region }
                </if>
            </if>
        </where>
    </select>






</mapper>
