<?xml version="1.0" encoding="UTF-8"?>
<!DOCTYPE mapper PUBLIC "-//mybatis.org//DTD Mapper 3.0//EN" "http://mybatis.org/dtd/mybatis-3-mapper.dtd">
<mapper namespace="com.chinaweal.sdcs.crcs.bigScreenDisplay.mapper.DataMapOneMapper">

    <resultMap id="BaseResultMap" type="com.chinaweal.sdcs.crcs.bigScreenDisplay.entity.MapOneVO">
        <result column="name" property="name" jdbcType="VARCHAR"/>
        <result column="value" property="value" jdbcType="INTEGER"/>

    </resultMap>



    <select id="searchAllDataMapByMap" parameterType="java.util.List" resultMap="BaseResultMap">
        SELECT
        count( * ) as value
        FROM
        tasklist
        where state = '0'
          <if test="map != null">
            <if test="map.begindate != null and map.begindate !=''">
                <![CDATA[ and createdate  >=  to_timestamp(#{map.begindate}, 'yyyy-MM-dd hh24:mi:ss')]]>
            </if>
            <if test="map.enddate != null and map.enddate !=''">
                <![CDATA[ and createdate <= to_timestamp(#{map.enddate}, 'yyyy-MM-dd hh24:mi:ss')]]>
            </if>
          </if>
    </select>


    <select id="searchAllDataMapByMapOne" parameterType="java.util.List" resultMap="BaseResultMap">
        SELECT
        count( * ) as value
        FROM
        tasklist
        where state = '0'
          <if test="map != null">
            <if test="map.begindate != null and map.begindate !=''">
                <![CDATA[ and createdate  >=  to_timestamp(#{map.begindate}, 'yyyy-MM-dd hh24:mi:ss')]]>
            </if>
            <if test="map.enddate != null and map.enddate !=''">
                <![CDATA[ and createdate <= to_timestamp(#{map.enddate}, 'yyyy-MM-dd hh24:mi:ss')]]>
            </if>
          </if>
    </select>


    <select id="searchSequentialByMap" parameterType="java.util.List" resultMap="BaseResultMap">
        SELECT
        count( * ) as value
        FROM
        complaintform a
        inner join tasklist b on a.caseguid = b.caseguid
        where state = '0'
          <if test="map != null">
            <if test="map.begindate != null and map.begindate !=''">
                <![CDATA[ and createdate  >=  to_timestamp(#{map.begindate}, 'yyyy-MM-dd hh24:mi:ss')]]>
            </if>
            <if test="map.enddate != null and map.enddate !=''">
                <![CDATA[ and createdate <= to_timestamp(#{map.enddate}, 'yyyy-MM-dd hh24:mi:ss')]]>
            </if>
          </if>
    </select>


    <select id="searchSettlementAmountByMap" parameterType="java.util.List" resultMap="BaseResultMap">
        SELECT
        count( * ) as value
        FROM
        complaintform a
        inner join tasklist b on a.caseguid = b.caseguid
        left join caseprocesform c on a.caseguid = c.caseguid
        where b.state = '0' and b.nextnodeid='end' and  c.resultsofmediation='达成调解协议'
        or c.resultsofmediation='1'  or c.resultsofmediation='2' or c.resultsofmediation='3'
        <if test="map != null">
            <if test="map.begindate != null and map.begindate !=''">
                <![CDATA[ and b.createdate  >=  to_timestamp(#{map.begindate}, 'yyyy-MM-dd hh24:mi:ss')]]>
            </if>
            <if test="map.enddate != null and map.enddate !=''">
                <![CDATA[ and b.createdate <= to_timestamp(#{map.enddate}, 'yyyy-MM-dd hh24:mi:ss')]]>
            </if>
          </if>
    </select>

    <select id="searchTotalEconomyByMap" parameterType="java.util.List" resultMap="BaseResultMap">
        SELECT
        count( * ) as value
        FROM
        economyform a
        inner join tasklist b on a.caseguid = b.caseguid
        where state = '0'
        <if test="map != null">
            <if test="map.begindate != null and map.begindate !=''">
                <![CDATA[ and createdate  >=  to_timestamp(#{map.begindate}, 'yyyy-MM-dd hh24:mi:ss')]]>
            </if>
            <if test="map.enddate != null and map.enddate !=''">
                <![CDATA[ and createdate <= to_timestamp(#{map.enddate}, 'yyyy-MM-dd hh24:mi:ss')]]>
            </if>
        </if>
    </select>


    <select id="searchSettlementAmountOfEconomyByMap" parameterType="java.util.List" resultMap="BaseResultMap">
        SELECT
        count( * ) as value
        FROM
        economyform a
        inner join tasklist b on a.caseguid = b.caseguid
        left join caseprocesform c on a.caseguid = c.caseguid
        where b.state = '0' and  b.isregistercase='是'
        <if test="map != null">
            <if test="map.begindate != null and map.begindate !=''">
                <![CDATA[ and b.createdate  >=  to_timestamp(#{map.begindate}, 'yyyy-MM-dd hh24:mi:ss')]]>
            </if>
            <if test="map.enddate != null and map.enddate !=''">
                <![CDATA[ and b.createdate <= to_timestamp(#{map.enddate}, 'yyyy-MM-dd hh24:mi:ss')]]>
            </if>
        </if>
    </select>


</mapper>
